{"config_name": "clock_DOGEUSDT_1095days",
 "long": {"backwards_tp": true,
          "delay_between_fills_minutes_close": 234.24357185817718,
          "delay_between_fills_minutes_entry": 431.79230830079666,
          "delay_weight_close": 150,
          "delay_weight_entry": 41.133531226761626,
          "ema_dist_close": -0.04218266882442671,
          "ema_dist_entry": 0.002,
          "ema_span_0": 892.02824282756,
          "ema_span_1": 47.931712014801576,
          "enabled": true,
          "markup_range": 0.010023632856876062,
          "min_markup": 0.004167819934686499,
          "n_close_orders": 2,
          "qty_pct_close": 0.019693565193571065,
          "qty_pct_entry": 0.016156769863256037,
          "wallet_exposure_limit": 1,
          "we_multiplier_close": 15,
          "we_multiplier_entry": 11.414245776334726},
 "short": {"backwards_tp": true,
           "delay_between_fills_minutes_close": 375.17681396090234,
           "delay_between_fills_minutes_entry": 945.5632913447648,
           "delay_weight_close": 87.4237314339174,
           "delay_weight_entry": 26.359930468772674,
           "ema_dist_close": -6.813456639127857e-05,
           "ema_dist_entry": 0.0009804355553183763,
           "ema_span_0": 601.9491130811448,
           "ema_span_1": 1066.2505128735359,
           "enabled": false,
           "markup_range": 0.03534256352209049,
           "min_markup": 0.008485315417623877,
           "n_close_orders": 7,
           "qty_pct_close": 0.012701361418506947,
           "qty_pct_entry": 0.011615503440141483,
           "wallet_exposure_limit": 1.0,
           "we_multiplier_close": 0.0,
           "we_multiplier_entry": 3.690354001548428}}
